SET GLOBAL general_log_file='/var/log/mysql/mariadb.log';
SET GLOBAL general_log = 1;

create schema library;
use library;

create or replace table student
(
    id varchar(20) PRIMARY KEY NOT NULL,

    hash text NOT NULL
);

INSERT INTO library.student (id, hash) VALUES ('c3781247', 'pbkdf2:sha256:260000$U5Vve2Rf4RJUmHwl$a49732f2d1dfd577978a63dce847b2ddd9cac6203aaee52977b36d381d363c43');
INSERT INTO library.student (id, hash) VALUES ('c3922382', 'pbkdf2:sha256:260000$U5Vve2Rf4RJUmHwl$a49732f2d1dfd577978a63dce847b2ddd9cac6203aaee52977b36d381d363c43');
INSERT INTO library.student (id, hash) VALUES ('admin', 'pbkdf2:sha256:260000$TkImyuUDBP8Qpx4m$b0845e9575fa336bf53595bb92baf196d845f2ef1b26db448743af5242c0077d');


create or replace table book
(
    isbn       varchar(13) NOT NULL,
    title      varchar(100),
    author     varchar(100),
    year       int,
    copies     int
);

INSERT INTO library.book (isbn,title,author,year,copies) VALUES ('9789813221871', 'An Introduction To Component-Based Software Development', 'Lau Kung-Kiu', '2017', '1');
INSERT INTO library.book (isbn,title,author,year,copies) VALUES ('9780132350884', 'Clean Code - A Handbook Of Agile Software Craftsmanship', 'Robert C. Martin', '2009', '1');
INSERT INTO library.book (isbn,title,author,year,copies) VALUES ('9780073523323','Database System Concepts', 'Abraham Silberschatz', '2010', '1');
INSERT INTO library.book (isbn,title,author,year,copies) VALUES ('9783827330437', 'Design Patterns - Elements Of Reusable Object-Oriented Software', 'Erich Gamma', '1995', '1');
INSERT INTO library.book (isbn,title,author,year,copies) VALUES ('9781543057386', 'Distributed systems (3rd edition)','Maarten van Steen', '2017', '2');
INSERT INTO library.book (isbn,title,author,year,copies) VALUES ('9781292097619', 'Fundamentals of database systems (7th edition)', 'Ramez Elmasri', '2016', '2');
INSERT INTO library.book (isbn,title,author,year,copies) VALUES ('9781430265337', 'Introducing Spring Framework - A Primer','Felipe Gutierrez', '2014', '1');
INSERT INTO library.book (isbn,title,author,year,copies) VALUES ('9780262530910', 'Introduction To Algorithms', 'Thomas H. Cormen', '1990', '2');
INSERT INTO library.book (isbn,title,author,year,copies) VALUES ('9781449369415', 'Introduction To Machine Learning With Python - A Guide For Data Scientists', 'Andreas C. Muller', '2016', '2');
INSERT INTO library.book (isbn,title,author,year,copies) VALUES ('9780321349606', 'Java concurrency in practice','Brian Goetz', '2015', '2');
INSERT INTO library.book (isbn,title,author,year,copies) VALUES ('9783319994192', 'Java in two semesters (4th edition)', 'Quentin Charatan', '2019', '1');
INSERT INTO library.book (isbn,title,author,year,copies) VALUES ('9781491952023', 'JavaScript: The Definitive Guide', 'David Flanagan', '2020', '2');
INSERT INTO library.book (isbn,title,author,year,copies) VALUES ('9781491956250', 'Microservice Architecture - Aligning Principles, Practices, And Culture', 'Irakli Nadareishvili', '2016', '2');
INSERT INTO library.book (isbn,title,author,year,copies) VALUES ('9781937785499', 'Programming Ruby 1.9 & 2.0 - The Pragmatic Programmers\ Guide', 'David Thomas', '2013', '2');
INSERT INTO library.book (isbn,title,author,year,copies) VALUES ('9781593279288', 'Python Crash Course2nd Edition - A Hands-On, Project-Based Introduction To Programming', 'Eric Mathes', '2019', '1');
INSERT INTO library.book (isbn,title,author,year,copies) VALUES ('9781617298691', 'Spring Start Here - Learn What You Need And Learn It Well', 'Laurentiu Spilca', '2021', '2');
INSERT INTO library.book (isbn,title,author,year,copies) VALUES ('9780135957059', 'The Pragmatic Programmer', 'David Thomas', '2019', '1');
INSERT INTO library.book (isbn,title,author,year,copies) VALUES ('9780596516178', 'The Ruby Programming Language', 'David Flanagan', '2008', '1');

create or replace table transaction
(
    id               int NOT NULL PRIMARY KEY AUTO_INCREMENT,
    student_id       varchar(20),
    book_isbn        char(13),
    date_borrowed    DATE,
    date_returned    DATE
);

INSERT INTO library.transaction (student_id,book_isbn,date_borrowed, date_returned) VALUES ('c3781247','9780596516178','2021-11-21','2021-11-29');
INSERT INTO library.transaction (student_id,book_isbn,date_borrowed, date_returned) VALUES ('c3781247','9781937785499','2021-11-26','2021-11-30');
INSERT INTO library.transaction (student_id,book_isbn,date_borrowed, date_returned) VALUES ('c3781247','9780132350884','2021-11-27','2021-12-05');
INSERT INTO library.transaction (student_id,book_isbn,date_borrowed, date_returned) VALUES ('c3922382','9781491952023','2021-11-20','2021-12-05');
INSERT INTO library.transaction (student_id,book_isbn,date_borrowed, date_returned) VALUES ('c3922382','9781937785499','2021-11-23','0000-00-00');
INSERT INTO library.transaction (student_id,book_isbn,date_borrowed, date_returned) VALUES ('c3922382','9780132350884','2021-11-01','0000-00-00');
INSERT INTO library.transaction (student_id,book_isbn,date_borrowed, date_returned) VALUES ('c3922382','9783827330437','2021-12-01','0000-00-00');

ALTER TABLE student
    ADD UNIQUE (id(20));
COMMIT;

ALTER TABLE book
    ADD PRIMARY KEY(isbn);
COMMIT;

CREATE USER 'library-spring-user'@'%' IDENTIFIED BY 'library-secret';
GRANT ALL PRIVILEGES on library.* to 'library-spring-user';
FLUSH PRIVILEGES;